<?xml version="1.0" encoding="UTF-8"?>
<project-private xmlns="http://www.netbeans.org/ns/project-private/1">
    <editor-bookmarks xmlns="http://www.netbeans.org/ns/editor-bookmarks/2" lastBookmarkId="0"/>
    <open-files xmlns="http://www.netbeans.org/ns/projectui-open-files/2">
        <group>
            <file>file:/F:/Ali%20Folder/University/Semester%20No%205/Advance%20Computer%20Programming/Project/v5/ACP_Project/src/acp_project/sms.java</file>
            <file>file:/F:/Ali%20Folder/University/Semester%20No%205/Advance%20Computer%20Programming/Project/v5/ACP_Project/src/acp_project/doctor_login.java</file>
            <file>file:/F:/Ali%20Folder/University/Semester%20No%205/Advance%20Computer%20Programming/Project/v5/ACP_Project/src/acp_project/doc_pat_view.java</file>
            <file>file:/F:/Ali%20Folder/University/Semester%20No%205/Advance%20Computer%20Programming/Project/v5/ACP_Project/src/acp_project/a_cpass.java</file>
            <file>file:/F:/Ali%20Folder/University/Semester%20No%205/Advance%20Computer%20Programming/Project/v5/ACP_Project/src/acp_project/d_cpass.java</file>
        </group>
    </open-files>
</project-private>
